User,Tweet
oentediadoo,vcs acham que iPhone √© caro?  √© pq vcs nunca pagaram o pre√ßo de n√£o ser amado de vdd
iamdbony,Vcs sabem alguem que compre pe√ßa de iphone
lughaous,@oLucao19 @O_MARROM_O @smiile Iphone 11 pro Max com 256gb de armazenamento e 4gb de ram custa 2k a mais do q o meu‚Ä¶ https://t.co/fafrSOUgxr
adinonss,"Eu eu q encontrei a guria da loja de iPhone q tenho ctt, no tinder kkkkkkkk ela √© mais gata l√°... ü§î"
O_MARROM_O,@oLucao19 @lughaous @smiile Cara vai pesquisar velho o processador do iPhone melhor cara para de teimar
MarcioRolim77,"@FernandoRoof Lindo. N√£o conhece escala. Continua nessa vidinha de meme que tu vai bem.
Eu t√¥ fazendo fazendo comid‚Ä¶ https://t.co/FsMO3Am99f"
Boni_TIC,Esse neg√≥cio de atender o iPhone pelo Macbook Pro √© um neg√≥cio m√°gico.
colombiazero,fui refutado pq tenho iphone manas ‚úäüèΩ‚úäüèΩ‚úäüèΩ https://t.co/yQ91oqhlTj
vitorm91,@folha @FolhaPainel Essa mat√©ria √© a prova cabal de que o playboy jornalista da folha n√£o entende porra nenhuma de‚Ä¶ https://t.co/sruHD9JzLl
OMachadoRafael,"Mano essa merda de iPhone tirei do carregador as 12:00, agora √© 4 hr e ja ta 39% vtnc"
apapadodo,queria ter um iPhone pra fazer um lomotif e ele ficar com qualidade boa
wizveIuv,pfv alguem me da um iphone
gurgwl_samuel,@TFTBrasil ainda to esperando lan√ßarem p iphone 6
bunnysare_scary,"n√≠vel de barbiezinha 

unha grande:‚ùå
cabelo longo:‚ùå
usa vestido:‚ùå
salto:‚ùå
usa maquiagem:‚úÖ‚ùå
Voz delicada:‚ùå
Cozinha b‚Ä¶ https://t.co/BjJ9ZI1sJ4"
yzminnnx,Pq eu n tenhl um iPhone? ;-;
Missbueno3,"@jairbolsonaro √áei! Os filhos com IPhone, ela com pulseira da Vivara! Bem adestrada n√£o fala"
Mannymuth,Algu√©m me d√° um iPhone 8
Juanmalvad0,Pelo menos o iPhone q eu tiro foto e o meu kkkkkk
jaovitu_01,"Eu j√° juntei 27 reais com o TikTok em pouco mais de 1 semana, daqui uns dias eu troco meu iPhone KKKKKKK"
AgathaSo_,"foda, alguns efeitos do insta s√≥ pode pra iPhone"
SandreyGabu,@artngxls o cara √© Twitter for iPhone d√° trela n√£o
youthpjjm,algu√©m com iphone printa o meu perfil pfv üôèüôèüôè
lughaous,"@O_MARROM_O @oLucao19 @smiile Sim Por√©m n√£o, quanto mais ram melhor o sistema consegue se gerenciar e gerenciar os‚Ä¶ https://t.co/5KdyWjxnOV"
c3klus,"na moral n√£o aguento mais moleque de condom√≠nio falando que √© bandid√£o, com a porra de iphone na m√£o"
correaapamela,"@glmec_ algu√©m para essas mina manoooo, desisti de ler depois que vi a parte do iPhone s√©rio"
diasingrid04,em menos de um m√™s meu carregador do iPhone quebrou - perco as contas de quantos carregadores eu tenho q comprar
Crf_eve,algu√©m sabe como ativar o iphone quando ele est√° inativo?????? socorroüò´
oLucao19,"@O_MARROM_O @lughaous @smiile Voce falou que o 11 tem 3Gb, eu corrigi falando que tem 4Gb, e completei dizendo que‚Ä¶ https://t.co/O554cIFWRF"
O_MARROM_O,@oLucao19 @lughaous @smiile E o iPhone 6 com 1 g ram faz mais coisa do q um Samsung com 4 de ram
caiiohenryk,"@MariaEd20532344 s√≥ tenho preconceito com iphone abaixo de 7, depois disso √© aceit√°vel"
Feeeh_Mourax,Algu√©m a√≠ vendendo iPhone 7 pra cima?
silvacamilaaaa,iPhone porque descarrega t√£o r√°pido meu Deusssssss
dadinhaaaaa,"@Saraalves1922 @Rica__1922 Nem sempre √© verdade, no meu aparece que eu estou com sess√£o iniciada no iPhone em Aveir‚Ä¶ https://t.co/m4C9LSVyp2"
multikz,"@ggukow mano, pq o twitter no iphone √© diferente disso?"
Dinocute__,"Galera minha prima est√° vendendo um iPhone 8 Plus 64GB Branco!

Quem tiver interesse em comprar, entre em contato p‚Ä¶ https://t.co/0W3coTHBWx"
zehzito,"@oliveeira_alex mo, garante q o OS da tv ta atualizado (vai nos ajustes dele e etc) e procura se tem algo nos ajust‚Ä¶ https://t.co/apip8FgyjX"
lmsalut,@mirellycampos6 a proposta pro meu pai do iPhone 11 j√° foi lan√ßada ksks e n√£o vai ter sucesso
vitorinhaa585,"n√≠vel de barbiezinha 

unha grande:‚úÖ
cabelo longo:‚úÖ
usa vestido:‚úÖ‚úÖ
salto:‚úÖ
usa maquiagem: ‚úÖ
Voz delicada: ‚úÖ
Cozinha‚Ä¶ https://t.co/MtRb7GD59w"
GafanhotoApp,[shoptime] Vers√£o 256gb Sai R$ 3.973 Pagando Com Ame Iphone 11 256gb Amarelo Ios 4g Wi Fi C√¢mera... https://t.co/7aFIMdvVfd
lovxsunited,"@vocalshiv pra foto eu uso o picsart
mas se for v√≠deo, caso vc tiver android eu recomendo o alight motion, se vc ti‚Ä¶ https://t.co/5AcE4AQezI"
dudapaiva___,"n√≠vel de barbiezinha 

unha grande: ‚ùå
cabelo longo:‚úÖ
usa vestido:‚ùå‚úÖ
salto:‚ùå
usa maquiagem:‚úÖ
Voz delicada:‚ùå
Cozinha‚Ä¶ https://t.co/E3NQxFJHuh"
FabioLacerdaaa,"N√£o aguento mais meu iPhone e iPad quase derretendo depois dessa atualiza√ß√£o pro iOS 13.4! Alguma solu√ß√£o?
#aloadt‚Ä¶ https://t.co/fvN0Jd4zn8"
gabriewie,que vontade de ter um iphone https://t.co/txEadUb1FW
_Taylopess,at√© esqueci como formata o iphone
lowlifts,"@alixxlbe Vei o meu √© um Oneplus 7 pro, ngm conhece mas olha eu n√£o trocaria nem por um iPhone 11"
shhakks,Ningu√©m tem um carregador de iphone que me empreste urgente
oLucao19,"@O_MARROM_O @lughaous @smiile Nao √© Iphone kr.

Muda at√© a ram, que vai de 4gb pra 6gb
Bateria melhor
Tela √© a mesma coisa, s√≥ q maior"
PromocaoTop,"#promo√ß√£o #oferta 

Por:R$ 2.801,51 
Acesse:https://t.co/if5MLZMU7H 
iPhone 8 Plus Dourado, com Tela de 5,5, 4G, 64‚Ä¶ https://t.co/A9EuwY8ZrF"
lyn3fort,"@terrodaph liga pros comentario n√£o mano, seus f√£ tava com saudade a maioria mora tudo na barra e usa iphone."
Carlos_Peixerr,At√© q enfim acho q vou conseguir lan√ßar o famoso iPhone xrüò¨
valtxr,"@HenriqueeCitty @othavin primeiro passo: existe um atalho para iPhone que chama Social Media Downloader, com ele vo‚Ä¶ https://t.co/pf6zPd0vdI"
madalena0703,"@rrobaLou Uma vez com iPhone, iPhone para sempre"
Carlos_fds_,T√¥ precisando de um iPhone
macedoamora,Algu√©m sabe de alguma loja que t vendendo carregador de iPhone nessa quarentena ????
O_MARROM_O,@oLucao19 @lughaous @smiile BICHO BURRO O IPHONE 11 pro max e o iPhone XS Max TEM O MSM TANTO DE RAM
zehzito,@oliveeira_alex amigaaaa tudo! essa dai ja tem airplay e vc consegue espelhar o conte√∫do do iPhone nela perfeita arrasou
Franncalol,"@_allanclemente @JurisLibertario Se eu vender meu PC eu n√£o compro seu iPhone kkk
Se voc√™ vender seu iPhone compra 4 PC meu"
valtxr,"@othavin @HenriqueeCitty menina eu sou burra n√©, t√° escrito ‚ÄúTwitter for iPhone‚Äù ali kkkkkk, deixa eu come√ßar a aula logo kkkk"
rafaela_bendlin,Chegou a bolsista de iPhone
sbrjjo,"At√© as kengas querem trabalhar e petistas, comunistas e socialistas de iPhone em geral n√£o!! Impressionante!!! https://t.co/Ogblw9WZmX"
TourTaetae,@hwapretty No iPhone da pra ver a quantidade exatas de seguidores no Android n√£o
yassminnsantoss,"pela mil√©sima vez vou ter que comprar um cabo p meu celular, tmnc, iPhone √© osso"
cl_davsj3,era so iphone na minha vida
__raafaelaa__,@taniasoares29 vamos comparar o tijolo ao teu iPhone X?
iphone_do_Gu,status de visita: perfil visualizado 6 vezes https://t.co/7D5jZJgwHT
beldistrict13,"minha fam√≠lia t√° deliberadamente me chamando de comunista de iPhone, MAS EU TENHO UM XIAOMI, CHIN√äS!"
xoxo_mahf,Eu segurando o iPhone 12 esse ano no fim da pandemia da COVID19 https://t.co/oUeB42NKpn
Victorfita11,iPhone tem horas que irrita
lughaous,@oLucao19 @O_MARROM_O @smiile Todos os iPhone 11 tem 4gb de ram
brendalacerda21,O iPhone sabe como me tira do s√©rio viu ü§¶üèª‚Äç‚ôÄÔ∏è
_jhbergallo,@oldfroggo eu fui tentar pegar o iphone e nao sabia q tinha limite de lances de gra√ßa
DoSacanagero,"@Metropoles @jairbolsonaro E os 2 reacinhas com iphone na m√£o.

VAI PRO CARALHO PROFESSORA!"
glauberbhz,"O melhor do v√≠deo da professora √© a vizinha dela que tem a capinha personalizada do iPhone com a pr√≥pria foto. 

Ca‚Ä¶ https://t.co/N5KgEQDnPt"
taehy_art,@pjminsad @wonderingV me d√° um iphone
MariaEd20532344,@caiiohenryk Oque tu tem contra a comunidade do iPhone üò≠üò≠üò≠üò≠üò≠üò≠üò≠üò≠üò≠üò≠üò≠üò≠üò≠üò≠üò≠üò≠üò≠üò≠
RosemeriTeixei2,"N√£o precisava me dar nem a sand√°lia e o iPhone, s√≥ as coisas de comer j√° ia ganhar meu cora√ß√£o https://t.co/WUI6AGNQ3p"
decaptado,@eduardoglage se me der  o iphone eu caso
InfoFelipePrior,algu√©m com iphone tira print do meu perfil? por favor!
DoSacanagero,"@strauss_real E os 2 reacinhas com iphone na m√£o.

VAI PRO CARALHO PROFESSORA!"
oLucao19,"@O_MARROM_O @lughaous @smiile Eu falei que o 11 pro max tem 4Gb o mongol.
Eu sei que o meu Iphone s√≥ tem 3 kr"
FerOliver08,"cara minha m√£e quer ter IPhone mas ela n√£o sabe mexer em NADA da√≠ eu tenho q ensinar TUDO e isso j√° faz 2 anos, ou‚Ä¶ https://t.co/S7SHaniX3v"
trigg_br,"@yclone Oi Vinicius, voc√™ pode tentar limpar os dados do celular!

 Android: Configura√ß√µes do aparelho &gt; Aplicativo‚Ä¶ https://t.co/9jISf3bupU"
oLucao19,"@O_MARROM_O @lughaous @smiile Ue, sua desculpa foi que pra ele android √© melhor pq ele nunca teve iphone atual. Eu‚Ä¶ https://t.co/4f1tShJVC2"
Andrezza_Souza4,"Jeniffer √© t√£o mentirosa que ela falou pro povo que ganhou um iPhone X, sendo que √© do irm√£o dela kkkkkkkkkkk ai to‚Ä¶ https://t.co/svjyuUDK62"
lughaous,"@oLucao19 @O_MARROM_O @smiile Iphone gerencia ram apenas para o App em execu√ß√£o, por isso ele se fode qusndo precisa ser mais q 1"
lolo_re,"n√≠vel de barbiezinha

unha grande: qnd eu to afim de cuidar sim‚úÖ
cabelo longo:‚úÖ
usa vestido:‚úÖ
salto:‚úÖ
usa maquiagem‚Ä¶ https://t.co/O5MR7lfcfq"
Bertelli7,meu iphone chegou ü•∞ü•∞ü•∞
valtxr,@HenriqueeCitty voce tem iphone?
hwasamaria_,#bbb20 #BBB #BBB20 bbb bbb20 daniel marcela manu gizelly prior nsfw mommy daddy thread meme link concert concept ph‚Ä¶ https://t.co/sbzh3kaiUL
chernoprincess,"@americanascom me da um iphone 11 pro max sua fodida ‚úåÔ∏è
https://t.co/dLKtcj7EU3"
Jr_Lima16,"@fuckjao Ue , num falou que iPhone e modinha ?"
PostoBbb,"@CasasBahia patrocina o felipe prior e d√° um iphone novo pro bixinho? A qualidade dos stories dele s√£o pessimas ;( 
CINCO MILHOES DO PRIOR"
ThiagoVerdade,"Fiz a ultima atualiza√ß√£o da @Apple nos aparelhos (rel√≥gio e celular) e constatei um absurdo feito pela #Apple .

Me‚Ä¶ https://t.co/sa25Yeso03"
thaissouzaa10,"E eu que n√£o sei qual iPhone eu compro, o preto ou o rose KKKKKKKKKKKKKKKKKKKKKK"
PostoBbb,@americanascom patrocina o felipe prior e d√° um iphone novo pro bixinho? A qualidade dos stories dele s√£o pessimas‚Ä¶ https://t.co/oWoMzMCzcT
oxemeuanjo,"oh gente, quem tem iphone 11 e conhece algu√©m que tenha iPhone 11 pro, sabe me dizer se tem muita diferen√ßa de um para o outro?"
glauberbhz,"Os dois filhos da professora chorando e filmando tudo com iphone na m√£o. 
 Esta cena pat√©tica √© tudo que podemos ve‚Ä¶ https://t.co/9szms2y8XD"
medin_guilherme,oq adianta da amor e carinho se o v√©io chega e da um iphone
lughaous,"@O_MARROM_O @oLucao19 @smiile Meu note 10+ faz o iPhone 11 pro Max chorar,  tu quer comparar um PC de m√£o com um iPhone basicamente"
BrxnCrf,s√≥ o iphone j√° estava √≥timo https://t.co/z3HdLJa1Yw
